{
    "EURtoUSD" : 1.05940,
    "CNYtoUSD" : 0.144419,
    "GBPtoUSD" : 1.247770,
    "SEKtoUSD" : 0.108120,
    "NOKtoUSD" : 0.116458,
    "BRLtoUSD" : 0.292184,
    "PLNtoUSD" : 0.239964
}
